<?xml version="1.0" encoding="UTF-8"?>
<beans xmlns="http://www.springframework.org/schema/beans"
       xmlns:xsi="http://www.w3.org/2001/XMLSchema-instance"
       xsi:schemaLocation="
http://www.springframework.org/schema/beans http://www.springframework.org/schema/beans/spring-beans.xsd">


    <bean id ="invoicebean" class="com.sample.invoice.Invoice">
        <constructor-arg>
            <bean class="com.sample.invoice.Product">
                <property name="item" value="book"></property>
                <property name="price" value="123"></property>
                <property name="address" value="address123"></property>
            </bean>
        </constructor-arg>

    </bean>
</beans>